symbol,short_name,region,exchange,exchange_timezone,market_cap,beta
AA,Alcoa Corporation,US,NYQ,EDT,8680380416,2.553
AAL,"American Airlines Group, Inc.",US,NMS,EDT,7147851264,1.27
AAP,Advance Auto Parts Inc.,US,NYQ,EDT,2247615232,1.293
AAPL,Apple Inc.,US,NMS,EDT,3207068385280,1.178
ABBV,AbbVie Inc.,US,NYQ,EDT,373848178688,0.598
ABNB,"Airbnb, Inc.",US,NMS,EDT,76337840128,1.108
ABR,Arbor Realty Trust,US,NYQ,EDT,2351756800,1.989
ABT,Abbott Laboratories,US,NYQ,EDT,219755692032,0.693
ACHR,Archer Aviation Inc.,US,NYQ,EDT,4285513216,3.143
ACI,"Albertsons Companies, Inc.",US,NYQ,EDT,12213309440,0.35
ACN,Accenture plc,US,NYQ,EDT,199415545856,1.239
ADBE,Adobe Inc.,US,NMS,EDT,171671240704,1.37
ADI,"Analog Devices, Inc.",US,NMS,EDT,103534993408,1.072
ADM,Archer-Daniels-Midland Company,US,NYQ,EDT,22632577024,0.662
ADP,"Automatic Data Processing, Inc.",US,NMS,EDT,118708690944,0.777
ADSK,"Autodesk, Inc.",US,NMS,EDT,54193590272,1.509
AEO,"American Eagle Outfitters, Inc.",US,NYQ,EDT,2124648192,1.546
AFL,AFLAC Incorporated,US,NYQ,EDT,58621566976,0.926
AFRM,"Affirm Holdings, Inc.",US,NMS,EDT,16030457856,3.638
AG,First Majestic Silver Corp.,US,NYQ,EDT,3233721088,1.24
AGNC,AGNC Investment Corp.,US,NMS,EDT,9374351360,1.494
AI,"C3.ai, Inc.",US,NYQ,EDT,2868489984,2.02
AIG,"American International Group, I",US,NYQ,EDT,49323769856,1.0
AKAM,"Akamai Technologies, Inc.",US,NMS,EDT,12135173120,0.676
ALB,Albemarle Corporation,US,NYQ,EDT,8845017088,1.704
ALGN,"Align Technology, Inc.",US,NMS,EDT,12231920640,1.688
ALLY,Ally Financial Inc.,US,NYQ,EDT,10466411520,1.384
ALT,"Altimmune, Inc.",US,NGM,EDT,455921088,0.855
AMAT,"Applied Materials, Inc.",US,NMS,EDT,126464573440,1.619
AMBA,"Ambarella, Inc.",US,NMS,EDT,2284435456,1.779
AMC,"AMC Entertainment Holdings, Inc",US,NYQ,EDT,1252655104,2.085
AMD,"Advanced Micro Devices, Inc.",US,NMS,EDT,163619864576,1.736
AMGN,Amgen Inc.,US,NMS,EDT,168526577664,0.524
AMZN,"Amazon.com, Inc.",US,NMS,EDT,2097814568960,1.192
ANET,"Arista Networks, Inc.",US,NYQ,EDT,105316130816,1.079
ANF,Abercrombie & Fitch Company,US,NYQ,EDT,4019237888,1.457
ANVS,"Annovis Bio, Inc.",US,NYQ,EDT,33321402,1.65
APA,APA Corporation,US,NMS,EDT,7139295232,3.27
APO,"Apollo Global Management, Inc. ",US,NYQ,EDT,76626878464,1.647
APT,"Alpha Pro Tech, Ltd.",US,ASE,EDT,56643308,
AR,Antero Resources Corporation,US,NYQ,EDT,11691032576,3.4
ASAN,"Asana, Inc.",US,NYQ,EDT,3174675456,1.128
ASML,ASML Holding N.V. - New York Re,US,NMS,EDT,280744787968,1.113
ASO,"Academy Sports and Outdoors, In",US,NMS,EDT,3129809408,1.249
ASPN,"Aspen Aerogels, Inc.",US,NYQ,EDT,605596928,2.279
ASTS,"AST SpaceMobile, Inc.",US,NMS,EDT,8909249536,1.616
AVGO,Broadcom Inc.,US,NMS,EDT,919419289600,1.03
AXP,American Express Company,US,NYQ,EDT,186235863040,1.212
AZN,Astrazeneca PLC,US,NMS,EDT,240585605120,0.157
BA,Boeing Company (The),US,NYQ,EDT,121746972672,1.526
BABA,Alibaba Group Holding Limited,US,NYQ,EDT,335156281344,0.272
BAC,Bank of America Corporation,US,NYQ,EDT,310878502912,1.331
BAX,Baxter International Inc.,US,NYQ,EDT,17697107968,0.603
BB,BlackBerry Limited,US,NYQ,EDT,2685786624,0.908
BBWI,"Bath & Body Works, Inc.",US,NYQ,EDT,6389169152,1.874
BBY,"Best Buy Co., Inc.",US,NYQ,EDT,15284275200,1.452
BE,Bloom Energy Corporation,US,NYQ,EDT,5637863424,3.3
BEKE,KE Holdings Inc,US,NYQ,EDT,29124585472,-0.814
BHC,Bausch Health Companies Inc.,US,NYQ,EDT,2630728192,0.596
BIDU,"Baidu, Inc.",US,NMS,EDT,33079617536,0.469
BIIB,Biogen Inc.,US,NMS,EDT,20410531840,0.012
BILI,Bilibili Inc.,US,NMS,EDT,8913444864,0.924
BILL,"BILL Holdings, Inc.",US,NYQ,EDT,4732379648,2.002
BITF,Bitfarms Ltd.,US,NGM,EDT,548093568,3.265
BK,The Bank of New York Mellon Cor,US,NYQ,EDT,58694377472,1.051
BKNG,Booking Holdings Inc. Common St,US,NMS,EDT,146535612416,1.404
BLK,"BlackRock, Inc.",US,NYQ,EDT,144183459840,1.303
BLNK,Blink Charging Co.,US,NCM,EDT,96541184,2.859
BMBL,Bumble Inc.,US,NMS,EDT,731459136,1.774
BMY,Bristol-Myers Squibb Company,US,NYQ,EDT,119749574656,0.436
BP,BP p.l.c.,US,NYQ,EDT,86687784960,0.464
BSX,Boston Scientific Corporation,US,NYQ,EDT,143386787840,0.774
BTBT,"Bit Digital, Inc.",US,NCM,EDT,374561952,5.143
BTU,Peabody Energy Corporation,US,NYQ,EDT,1621717120,0.939
BUD,Anheuser-Busch Inbev SA Sponsor,US,NYQ,EDT,120947703808,0.926
BURL,"Burlington Stores, Inc.",US,NYQ,EDT,14506678272,1.727
BX,Blackstone Inc.,US,NYQ,EDT,171696996352,1.541
BYND,"Beyond Meat, Inc.",US,NMS,EDT,258085104,2.37
BYON,"Beyond, Inc.",US,NYQ,EDT,298673760,3.914
C,"Citigroup, Inc.",US,NYQ,EDT,129614528512,1.416
CAG,"ConAgra Brands, Inc.",US,NYQ,EDT,12243257344,0.173
CAH,"Cardinal Health, Inc.",US,NYQ,EDT,30920704000,0.677
CAN,Canaan Inc.,US,NGM,EDT,396804992,3.398
CAR,"Avis Budget Group, Inc.",US,NMS,EDT,2175089408,2.37
CAT,"Caterpillar, Inc.",US,NYQ,EDT,162324824064,1.138
CBOE,"Cboe Global Markets, Inc.",US,BTS,EDT,22400993280,0.661
CC,Chemours Company (The),US,NYQ,EDT,2151950336,1.979
CCJ,Cameco Corporation,US,NYQ,EDT,18487701504,1.03
CCL,Carnival Corporation,US,NYQ,EDT,26929649664,2.669
CELH,"Celsius Holdings, Inc.",US,NCM,EDT,6367320576,1.892
CF,"CF Industries Holdings, Inc.",US,NYQ,EDT,12991619072,0.979
CGC,Canopy Growth Corporation,US,NMS,EDT,199466288,1.733
CHPT,"ChargePoint Holdings, Inc.",US,NYQ,EDT,314640000,1.845
CHTR,"Charter Communications, Inc.",US,NMS,EDT,49917919232,1.135
CHWY,"Chewy, Inc.",US,NYQ,EDT,13555487744,1.235
CI,The Cigna Group,US,NYQ,EDT,85633851392,0.533
CIFR,Cipher Mining Inc.,US,NMS,EDT,1099048064,2.48
CL,Colgate-Palmolive Company,US,NYQ,EDT,72892162048,0.392
CLF,Cleveland-Cliffs Inc.,US,NYQ,EDT,5137657856,1.931
CLMT,"Calumet, Inc",US,NMS,EDT,1039657728,1.886
CLOV,"Clover Health Investments, Corp",US,NMS,EDT,1869919744,2.011
CLS,"Celestica, Inc.",US,NYQ,EDT,10619525120,2.175
CLSK,"CleanSpark, Inc.",US,NCM,EDT,2238039808,4.213
CMA,Comerica Incorporated,US,NYQ,EDT,7577638912,1.26
CMCSA,Comcast Corporation,US,NMS,EDT,133961539584,1.006
CMG,"Chipotle Mexican Grill, Inc.",US,NYQ,EDT,67807662080,1.274
CNC,Centene Corporation,US,NYQ,EDT,28864798720,0.397
CNQ,Canadian Natural Resources Limi,US,NYQ,EDT,61761294336,1.846
COF,Capital One Financial Corporati,US,NYQ,EDT,65538842624,1.476
COHR,Coherent Corp.,US,NYQ,EDT,9964379136,1.695
COP,ConocoPhillips,US,NYQ,EDT,125902004224,1.129
COST,Costco Wholesale Corporation,US,NMS,EDT,401053941760,0.805
CPB,The Campbell's Company,US,NMS,EDT,11456152576,0.143
CPNG,"Coupang, Inc.",US,NYQ,EDT,40641581056,1.098
CPRI,Capri Holdings Limited,US,NYQ,EDT,2533885952,2.099
CRH,CRH PLC,US,NYQ,EDT,65760251904,1.368
CRM,"Salesforce, Inc.",US,NYQ,EDT,268503400448,1.354
CROX,"Crocs, Inc.",US,NMS,EDT,5527141376,1.838
CRSP,CRISPR Therapeutics AG,US,NGM,EDT,3612821760,1.762
CRWD,"CrowdStrike Holdings, Inc.",US,NMS,EDT,87681351680,1.193
CSCO,"Cisco Systems, Inc.",US,NMS,EDT,240686546944,0.776
CSIQ,Canadian Solar Inc.,US,NMS,EDT,624029312,1.342
CSX,CSX Corporation,US,NMS,EDT,56857546752,1.245
CTAS,Cintas Corporation,US,NMS,EDT,77819420672,1.407
CTRA,Coterra Energy Inc.,US,NYQ,EDT,21113491456,0.242
CVNA,Carvana Co.,US,NYQ,EDT,21188456448,3.571
CVS,CVS Health Corporation,US,NYQ,EDT,82809348096,0.531
CVX,Chevron Corporation,US,NYQ,EDT,276449427456,1.062
CZR,"Caesars Entertainment, Inc.",US,NMS,EDT,5951204864,2.968
DAL,"Delta Air Lines, Inc.",US,NYQ,EDT,30198722560,1.343
DASH,"DoorDash, Inc.",US,NMS,EDT,77087612928,1.703
DBX,"Dropbox, Inc.",US,NMS,EDT,7515396608,0.767
DD,"DuPont de Nemours, Inc.",US,NYQ,EDT,32227395584,1.28
DDOG,"Datadog, Inc.",US,NMS,EDT,34893377536,1.217
DE,Deere & Company,US,NYQ,EDT,129600192512,1.024
DECK,Deckers Outdoor Corporation,US,NYQ,EDT,18012538880,1.099
DELL,Dell Technologies Inc.,US,NYQ,EDT,66749440000,0.899
DFS,Discover Financial Services,US,NYQ,EDT,41328635904,1.448
DG,Dollar General Corporation,US,NYQ,EDT,17378551808,0.44
DHI,"D.R. Horton, Inc.",US,NYQ,EDT,40674697216,1.806
DHR,Danaher Corporation,US,NYQ,EDT,150617997312,0.849
DIS,Walt Disney Company (The),US,NYQ,EDT,178320392192,1.411
DKNG,DraftKings Inc.,US,NMS,EDT,18554632192,2.069
DKS,Dick's Sporting Goods Inc,US,NYQ,EDT,15846809600,1.567
DLR,"Digital Realty Trust, Inc.",US,NYQ,EDT,50926678016,0.676
DLTR,"Dollar Tree, Inc.",US,NMS,EDT,13882917888,0.909
DOCU,"DocuSign, Inc.",US,NMS,EDT,17325494272,1.024
DOW,Dow Inc.,US,NYQ,EDT,26092095488,1.159
DPZ,Domino's Pizza Inc,US,NMS,EDT,14596116480,1.063
DQ,DAQO New Energy Corp.,US,NYQ,EDT,1253385600,0.409
DVN,Devon Energy Corporation,US,NYQ,EDT,22407538688,1.954
DXCM,"DexCom, Inc.",US,NMS,EDT,27623673856,1.288
EBAY,eBay Inc.,US,NMS,EDT,30420480000,1.442
EBS,Emergent BioSolutions Inc.,US,NYQ,EDT,310264288,1.802
EH,EHang Holdings Limited,US,NGM,EDT,1536776832,0.912
EL,"Estee Lauder Companies, Inc. (T",US,NYQ,EDT,23928240128,1.071
ELF,"e.l.f. Beauty, Inc.",US,NYQ,EDT,3845256448,1.593
EMR,Emerson Electric Company,US,NYQ,EDT,63117332480,1.351
ENPH,"Enphase Energy, Inc.",US,NGM,EDT,7700539392,2.12
ENVX,Enovix Corporation,US,NMS,EDT,1463246080,1.926
EOG,"EOG Resources, Inc.",US,NYQ,EDT,68642512896,1.26
EOSE,"Eos Energy Enterprises, Inc.",US,NCM,EDT,935853952,2.158
EPD,Enterprise Products Partners L.,US,NYQ,EDT,72745869312,1.054
EQT,EQT Corporation,US,NYQ,EDT,30302210048,1.119
ET,Energy Transfer LP,US,NYQ,EDT,64266559488,1.697
ETN,"Eaton Corporation, PLC",US,NYQ,EDT,115095117824,1.084
ETSY,"Etsy, Inc.",US,NMS,EDT,4887837184,2.231
EVGO,EVgo Inc.,US,NMS,EDT,735175232,2.38
EXPE,"Expedia Group, Inc.",US,NMS,EDT,20889008128,1.832
F,Ford Motor Company,US,NYQ,EDT,38564368384,1.607
FANG,"Diamondback Energy, Inc.",US,NMS,EDT,43474034688,1.831
FCEL,"FuelCell Energy, Inc.",US,NGM,EDT,130668680,3.702
FCX,"Freeport-McMoRan, Inc.",US,NYQ,EDT,55830163456,1.869
FDX,FedEx Corporation,US,NYQ,EDT,58334113792,1.239
FFAI,Faraday Future Intelligent Elec,US,NCM,EDT,94826680,4.799
FI,"Fiserv, Inc.",US,NYQ,EDT,120458240000,0.928
FIS,Fidelity National Information S,US,NYQ,EDT,37549867008,1.116
FL,"Foot Locker, Inc.",US,NYQ,EDT,1487857920,1.537
FOXA,Fox Corporation,US,NMS,EDT,22805110784,0.679
FSLR,"First Solar, Inc.",US,NMS,EDT,14186784768,1.517
FSLY,"Fastly, Inc.",US,NYQ,EDT,974755008,1.301
FTAI,FTAI Aviation Ltd.,US,NMS,EDT,10697094144,2.098
FTNT,"Fortinet, Inc.",US,NMS,EDT,74013745152,0.968
FUBO,fuboTV Inc.,US,NYQ,EDT,1085896832,2.033
FUTU,Futu Holdings Limited,US,NGM,EDT,16339738624,0.777
GAP,"Gap, Inc. (The)",US,NYQ,EDT,7591465472,2.37
GD,General Dynamics Corporation,US,NYQ,EDT,70840074240,0.586
GDDY,GoDaddy Inc.,US,NYQ,EDT,24899858432,1.255
GE,GE Aerospace,US,NYQ,EDT,210233573376,1.196
GEO,Geo Group Inc (The) REIT,US,NYQ,EDT,3736889344,0.878
GEVO,"Gevo, Inc.",US,NCM,EDT,296864704,2.723
GILD,"Gilead Sciences, Inc.",US,NMS,EDT,138781802496,0.236
GLW,Corning Incorporated,US,NYQ,EDT,40044363776,1.019
GM,General Motors Company,US,NYQ,EDT,48098394112,1.434
GME,GameStop Corporation,US,NYQ,EDT,10298739712,-0.263
GOLD,Barrick Gold Corporation,US,NYQ,EDT,32365641728,0.51
GOOG,Alphabet Inc.,US,NMS,EDT,2029023264768,1.025
GOOGL,Alphabet Inc.,US,NMS,EDT,2029039910912,1.025
GOOS,Canada Goose Holdings Inc. Subo,US,NYQ,EDT,833369472,1.266
GRAB,Grab Holdings Limited,US,NMS,EDT,17926215680,0.88
GRPN,"Groupon, Inc.",US,NMS,EDT,591191872,1.405
GS,"Goldman Sachs Group, Inc. (The)",US,NYQ,EDT,168264810496,1.362
GSK,GSK plc,US,NYQ,EDT,80417046528,0.286
HAL,Halliburton Company,US,NYQ,EDT,21763067904,1.861
HD,"Home Depot, Inc. (The)",US,NYQ,EDT,348978348032,1.09
HE,"Hawaiian Electric Industries, I",US,NYQ,EDT,1938517760,0.463
HES,Hess Corporation,US,NYQ,EDT,45667295232,1.219
HIMS,"Hims & Hers Health, Inc.",US,NYQ,EDT,7362580992,1.367
HIVE,HIVE Digital Technologies Ltd,US,NCM,EDT,270399488,4.589
HL,Hecla Mining Company,US,NYQ,EDT,3626709760,1.935
HLF,Herbalife Ltd.,US,NYQ,EDT,815795072,1.035
HOG,"Harley-Davidson, Inc.",US,NYQ,EDT,3058628608,1.511
HON,Honeywell International Inc.,US,NMS,EDT,136138530816,1.069
HPE,Hewlett Packard Enterprise Comp,US,NYQ,EDT,20518119424,1.226
HPQ,HP Inc.,US,NYQ,EDT,26782191616,1.113
HRL,Hormel Foods Corporation,US,NYQ,EDT,16244430848,0.21
HSBC,"HSBC Holdings, plc.",US,NYQ,EDT,202972299264,0.493
HSY,The Hershey Company,US,NYQ,EDT,34454401024,0.314
HUM,Humana Inc.,US,NYQ,EDT,30520846336,0.578
HUT,Hut 8 Corp.,US,NMS,EDT,1310662656,
HWM,Howmet Aerospace Inc.,US,NYQ,EDT,51239460864,1.369
IBM,International Business Machines,US,NYQ,EDT,230286016512,0.734
IEP,Icahn Enterprises L.P. - Deposi,US,NMS,EDT,4965991936,0.777
ILMN,"Illumina, Inc.",US,NMS,EDT,13559040000,1.172
INO,"Inovio Pharmaceuticals, Inc.",US,NCM,EDT,73283000,0.918
INTC,Intel Corporation,US,NMS,EDT,104136491008,1.018
INTU,Intuit Inc.,US,NMS,EDT,167401717760,1.27
IONQ,"IonQ, Inc.",US,NYQ,EDT,5972024832,2.5
IOVA,"Iovance Biotherapeutics, Inc.",US,NGM,EDT,1177078400,0.929
IP,International Paper Company,US,NYQ,EDT,27048138752,0.983
IQ,"iQIYI, Inc.",US,NMS,EDT,2262163968,0.051
IRBT,iRobot Corporation,US,NMS,EDT,113325824,1.188
IRM,Iron Mountain Incorporated (Del,US,NYQ,EDT,25443846144,1.078
ISRG,"Intuitive Surgical, Inc.",US,NMS,EDT,172778913792,1.429
JBLU,JetBlue Airways Corporation,US,NMS,EDT,1976805504,1.806
JD,"JD.com, Inc.",US,NMS,EDT,65209151488,0.437
JMIA,Jumia Technologies AG,US,NYQ,EDT,286563424,2.871
JNJ,Johnson & Johnson,US,NYQ,EDT,392347680768,0.463
JOBY,"Joby Aviation, Inc.",US,NYQ,EDT,4915978240,2.353
JPM,JP Morgan Chase & Co.,US,NYQ,EDT,649927852032,1.09
JWN,"Nordstrom, Inc.",US,NYQ,EDT,3996188160,2.614
K,Kellanova,US,NYQ,EDT,28387112960,0.326
KEY,KeyCorp,US,NYQ,EDT,17328281600,1.25
KGC,Kinross Gold Corporation,US,NYQ,EDT,14294781952,1.312
KHC,The Kraft Heinz Company,US,NMS,EDT,36124545024,0.379
KKR,KKR & Co. Inc.,US,NYQ,EDT,104564621312,1.714
KMB,Kimberly-Clark Corporation,US,NYQ,EDT,46311886848,0.382
KMI,"Kinder Morgan, Inc.",US,NYQ,EDT,60215115776,0.935
KO,Coca-Cola Company (The),US,NYQ,EDT,297457188864,0.575
KR,Kroger Company (The),US,NYQ,EDT,42835800064,0.502
KSS,Kohl's Corporation,US,NYQ,EDT,897223104,1.961
KULR,"KULR Technology Group, Inc.",US,ASE,EDT,346954560,1.259
LAZR,"Luminar Technologies, Inc.",US,NMS,EDT,168145312,1.737
LCID,"Lucid Group, Inc.",US,NMS,EDT,6335834624,0.981
LEN,Lennar Corporation,US,NYQ,EDT,31019436032,1.71
LI,Li Auto Inc.,US,NMS,EDT,30907052032,0.846
LLY,Eli Lilly and Company,US,NYQ,EDT,730643300352,0.335
LMND,"Lemonade, Inc.",US,NYQ,EDT,2546518784,2.124
LMT,Lockheed Martin Corporation,US,NYQ,EDT,109729898496,0.427
LOW,"Lowe's Companies, Inc.",US,NYQ,EDT,125686398976,1.115
LRCX,Lam Research Corporation,US,NMS,EDT,101011210240,1.541
LULU,lululemon athletica inc.,US,NMS,EDT,37878476800,1.21
LUMN,"Lumen Technologies, Inc.",US,NYQ,EDT,4937205760,1.274
LUV,Southwest Airlines Company,US,NYQ,EDT,18805133312,1.1
LVS,Las Vegas Sands Corp.,US,NYQ,EDT,30921230336,1.082
LYFT,"Lyft, Inc.",US,NMS,EDT,4982667264,2.16
M,Macy's Inc,US,NYQ,EDT,3632315904,2.109
MA,Mastercard Incorporated,US,NYQ,EDT,481053638656,1.102
MANU,Manchester,US,NYQ,EDT,2341523712,0.648
MAR,Marriott International,US,NMS,EDT,67024211968,1.586
MARA,"MARA Holdings, Inc.",US,NCM,EDT,4557868032,5.963
MCD,McDonald's Corporation,US,NYQ,EDT,214216835072,0.706
MCHP,Microchip Technology Incorporat,US,NMS,EDT,28773316608,1.517
MCK,McKesson Corporation,US,NYQ,EDT,81515790336,0.512
MDB,"MongoDB, Inc.",US,NGM,EDT,14916316160,1.298
MDLZ,"Mondelez International, Inc.",US,NMS,EDT,83186909184,0.512
MDT,Medtronic plc.,US,NYQ,EDT,119366000640,0.823
MELI,"MercadoLibre, Inc.",US,NMS,EDT,102478200832,1.638
META,"Meta Platforms, Inc.",US,NMS,EDT,1539451650048,1.231
MGM,MGM Resorts International,US,NYQ,EDT,9069100032,2.193
MLCO,Melco Resorts & Entertainment L,US,NMS,EDT,2362984192,1.022
MMM,3M Company,US,NYQ,EDT,81657585664,1.017
MNKD,MannKind Corporation,US,NGM,EDT,1578673152,1.263
MNST,Monster Beverage Corporation,US,NMS,EDT,53611327488,0.711
MO,"Altria Group, Inc.",US,NYQ,EDT,99596779520,0.606
MOS,Mosaic Company (The),US,NYQ,EDT,8208720384,1.352
MPC,Marathon Petroleum Corporation,US,NYQ,EDT,44120100864,1.376
MPW,"Medical Properties Trust, Inc.",US,NYQ,EDT,3525521920,1.365
MRK,"Merck & Company, Inc.",US,NYQ,EDT,238887600128,0.363
MRNA,"Moderna, Inc.",US,NMS,EDT,13384888320,1.862
MRVL,"Marvell Technology, Inc.",US,NMS,EDT,59533238272,1.419
MS,Morgan Stanley,US,NYQ,EDT,186027278336,1.345
MSFT,Microsoft Corporation,US,NMS,EDT,2888547172352,0.914
MSTR,MicroStrategy Incorporated,US,NMS,EDT,77472047104,3.37
MT,Arcelor Mittal NY Registry Shar,US,NYQ,EDT,24762585088,1.802
MTCH,"Match Group, Inc.",US,NMS,EDT,7748273152,1.435
MU,"Micron Technology, Inc.",US,NMS,EDT,112297197568,1.228
MVIS,"Microvision, Inc.",US,NGM,EDT,287975648,2.613
NCLH,Norwegian Cruise Line Holdings ,US,NYQ,EDT,8442544640,2.633
NEE,"NextEra Energy, Inc.",US,NYQ,EDT,151294558208,0.574
NEM,Newmont Corporation,US,NYQ,EDT,52106010624,0.556
NET,"Cloudflare, Inc.",US,NYQ,EDT,40080461824,1.273
NFE,New Fortress Energy Inc.,US,NMS,EDT,2535128832,1.564
NFLX,"Netflix, Inc.",US,NMS,EDT,392680931328,1.377
NIO,NIO Inc.,US,NYQ,EDT,9884525568,1.805
NKE,"Nike, Inc.",US,NYQ,EDT,105994461184,1.021
NLY,Annaly Capital Management Inc.,US,NYQ,EDT,12498317312,1.611
NOK,Nokia Corporation Sponsored,US,NYQ,EDT,29063368704,0.776
NOW,"ServiceNow, Inc.",US,NYQ,EDT,174343176192,1.034
NSC,Norfolk Southern Corporation,US,NYQ,EDT,52600619008,1.348
NTAP,"NetApp, Inc.",US,NMS,EDT,18982555648,1.227
NTES,"NetEase, Inc.",US,NMS,EDT,66919616512,0.819
NTR,Nutrien Ltd.,US,NYQ,EDT,24849465344,0.961
NUE,Nucor Corporation,US,NYQ,EDT,30451499008,1.596
NVAX,"Novavax, Inc.",US,NMS,EDT,1285143552,2.91
NVDA,NVIDIA Corporation,US,NMS,EDT,2968747769856,1.765
NVO,Novo Nordisk A/S,US,NYQ,EDT,342421012480,0.167
NXPI,NXP Semiconductors N.V.,US,NMS,EDT,52286300160,1.476
OKTA,"Okta, Inc.",US,NMS,EDT,19539019776,1.089
OMEX,"Odyssey Marine Exploration, Inc",US,NCM,EDT,12077814,-0.026
ON,ON Semiconductor Corporation,US,NMS,EDT,18201171968,1.588
OPEN,Opendoor Technologies Inc,US,NMS,EDT,824810496,2.813
ORCL,Oracle Corporation,US,NYQ,EDT,418587410432,1.066
OXY,Occidental Petroleum Corporatio,US,NYQ,EDT,43699859456,1.539
PAA,"Plains All American Pipeline, L",US,NMS,EDT,13871424512,1.593
PAAS,Pan American Silver Corp.,US,NYQ,EDT,9336433664,1.344
PANW,"Palo Alto Networks, Inc.",US,NMS,EDT,120727306240,1.044
PARA,Paramount Global,US,NMS,EDT,8287110656,1.624
PBI,Pitney Bowes Inc.,US,NYQ,EDT,1721853568,2.013
PBR,Petroleo Brasileiro S.A.- Petro,US,NYQ,EDT,79767756800,0.876
PCG,Pacific Gas & Electric Co.,US,NYQ,EDT,36808273920,1.045
PCT,"PureCycle Technologies, Inc.",US,NCM,EDT,1380887168,1.59
PDD,PDD Holdings Inc.,US,NMS,EDT,170179887104,0.683
PENN,"PENN Entertainment, Inc.",US,NMS,EDT,2613864448,2.189
PEP,"Pepsico, Inc.",US,NMS,EDT,203791187968,0.53
PFE,"Pfizer, Inc.",US,NYQ,EDT,145869701120,0.543
PG,Procter & Gamble Company (The),US,NYQ,EDT,393864445952,0.4
PGR,Progressive Corporation (The),US,NYQ,EDT,166301351936,0.351
PHM,"PulteGroup, Inc.",US,NYQ,EDT,20751159296,1.725
PINS,"Pinterest, Inc.",US,NYQ,EDT,21669672960,1.017
PLCE,"Children's Place, Inc. (The)",US,NMS,EDT,107010448,2.478
PLTR,Palantir Technologies Inc.,US,NMS,EDT,202263822336,2.806
PLUG,"Plug Power, Inc.",US,NCM,EDT,1535795456,1.983
PM,Philip Morris International Inc,US,NYQ,EDT,236152143872,0.561
PNC,"PNC Financial Services Group, I",US,NYQ,EDT,68460797952,1.127
POET,POET Technologies Inc.,US,NCM,EDT,300349472,0.759
PPG,"PPG Industries, Inc.",US,NYQ,EDT,25754855424,1.212
PSX,Phillips 66,US,NYQ,EDT,51667566592,1.292
PTON,"Peloton Interactive, Inc.",US,NMS,EDT,2749246208,1.949
PYPL,"PayPal Holdings, Inc.",US,NMS,EDT,68208230400,1.527
QBTS,D-Wave Quantum Inc.,US,NYQ,EDT,2705665024,1.114
QCOM,QUALCOMM Incorporated,US,NMS,EDT,173177487360,1.289
QS,QuantumScape Corporation,US,NYQ,EDT,2384523264,4.455
QSI,Quantum-Si Incorporated,US,NGM,EDT,249070400,2.786
QUBT,Quantum Computing Inc.,US,NCM,EDT,972577856,3.259
RBLX,Roblox Corporation,US,NYQ,EDT,37709119488,1.488
RCAT,"Red Cat Holdings, Inc.",US,NCM,EDT,484592192,0.491
RCL,Royal Caribbean Cruises Ltd.,US,NYQ,EDT,57060728832,2.544
RDFN,Redfin Corporation,US,NMS,EDT,1352362240,2.898
REGN,"Regeneron Pharmaceuticals, Inc.",US,NMS,EDT,72905564160,0.268
RH,RH,US,NYQ,EDT,4186746112,2.506
RIG,Transocean Ltd (Switzerland),US,NYQ,EDT,2671816448,2.72
RILY,"B. Riley Financial, Inc.",US,NGM,EDT,128392792,1.211
RIOT,"Riot Platforms, Inc.",US,NCM,EDT,2738626560,4.36
RKLB,"Rocket Lab USA, Inc.",US,NCM,EDT,8531181056,2.067
RKT,"Rocket Companies, Inc.",US,NYQ,EDT,29551151104,2.37
RNG,"Ringcentral, Inc.",US,NYQ,EDT,2449491456,1.205
ROKU,"Roku, Inc.",US,NMS,EDT,9892083712,2.118
ROST,"Ross Stores, Inc.",US,NMS,EDT,40980480000,1.156
RTX,RTX Corporation,US,NYQ,EDT,173548355584,0.491
RUN,Sunrun Inc.,US,NMS,EDT,1470365056,2.841
SAVA,"Cassava Sciences, Inc.",US,NCM,EDT,134779040,-1.24
SBUX,Starbucks Corporation,US,NMS,EDT,111446089728,0.985
SCHW,Charles Schwab Corporation (The,US,NYQ,EDT,139844386816,0.978
SE,Sea Limited,US,NYQ,EDT,73188139008,1.617
SEDG,"SolarEdge Technologies, Inc.",US,NMS,EDT,947573952,1.778
SFIX,"Stitch Fix, Inc.",US,NMS,EDT,493292512,2.135
SHAK,"Shake Shack, Inc.",US,NYQ,EDT,3720769536,1.895
SHEL,Shell PLC,US,NYQ,EDT,206085111808,0.408
SHOP,Shopify Inc.,US,NYQ,EDT,122353655808,2.6
SIG,Signet Jewelers Limited,US,NYQ,EDT,2085412608,2.206
SIRI,SiriusXM Holdings Inc.,US,NMS,EDT,7679892992,1.065
SLB,Schlumberger N.V.,US,NYQ,EDT,55890243584,1.48
SMCI,"Super Micro Computer, Inc.",US,NMS,EDT,25027094528,1.203
SMMT,Summit Therapeutics Inc.,US,NGM,EDT,15336368128,-1.042
SNAP,Snap Inc.,US,NYQ,EDT,14656550912,0.919
SNDL,SNDL Inc.,US,NCM,EDT,400995584,3.382
SNOW,Snowflake Inc.,US,NYQ,EDT,51527385088,1.073
SNV,Synovus Financial Corp.,US,NYQ,EDT,6439463424,1.391
SO,Southern Company (The),US,NYQ,EDT,99128778752,0.446
SOFI,"SoFi Technologies, Inc.",US,NMS,EDT,13257168896,1.804
SONY,Sony Group Corporation,US,NYQ,EDT,145300586496,0.725
SPCE,"Virgin Galactic Holdings, Inc.",US,NYQ,EDT,114756736,2.163
SPGI,S&P Global Inc.,US,NYQ,EDT,149741617152,1.2
SPOT,Spotify Technology S.A.,US,NYQ,EDT,117663539200,1.667
SPR,"Spirit Aerosystems Holdings, In",US,NYQ,EDT,3921374976,1.778
SRPT,"Sarepta Therapeutics, Inc.",US,NMS,EDT,9430549504,0.788
STLA,Stellantis N.V.,US,NYQ,EDT,35660591104,1.199
STNE,StoneCo Ltd.,US,NMS,EDT,2884653056,2.331
STX,Seagate Technology Holdings PLC,US,NMS,EDT,18609045504,1.036
STZ,"Constellation Brands, Inc.",US,NYQ,EDT,32776484864,0.892
SU,Suncor Energy  Inc.,US,NYQ,EDT,45378293760,1.467
SYM,Symbotic Inc.,US,NGM,EDT,12738686976,1.853
T,AT&T Inc.,US,NYQ,EDT,190796021760,0.705
TAL,TAL Education Group,US,NYQ,EDT,8036964352,0.056
TDOC,"Teladoc Health, Inc.",US,NYQ,EDT,1497052672,1.272
TEAM,Atlassian Corporation,US,NMS,EDT,57231282176,0.912
TECK,Teck Resources Ltd,US,NYQ,EDT,21098749952,1.294
TEVA,Teva Pharmaceutical Industries ,US,NYQ,EDT,19010732032,0.826
TFC,Truist Financial Corporation,US,NYQ,EDT,52931940352,1.059
TGT,Target Corporation,US,NYQ,EDT,47698804736,1.182
TGTX,"TG Therapeutics, Inc.",US,NCM,EDT,6414779904,2.301
TIGR,UP Fintech Holding Limited,US,NMS,EDT,1429754368,0.868
TJX,"TJX Companies, Inc. (The)",US,NYQ,EDT,127322365952,0.962
TLRY,"Tilray Brands, Inc.",US,NMS,EDT,569630144,2.037
TMO,Thermo Fisher Scientific Inc,US,NYQ,EDT,196949098496,0.789
TMUS,"T-Mobile US, Inc.",US,NMS,EDT,292262608896,0.636
TOL,"Toll Brothers, Inc.",US,NYQ,EDT,10429946880,1.763
TPR,"Tapestry, Inc.",US,NYQ,EDT,14586276864,1.599
TRIP,"TripAdvisor, Inc.",US,NMS,EDT,1942886912,1.358
TSCO,Tractor Supply Company,US,NMS,EDT,27550134272,0.842
TSLA,"Tesla, Inc.",US,NMS,EDT,804065640448,2.507
TSM,Taiwan Semiconductor Manufactur,US,NYQ,EDT,902926434304,1.255
TTD,"The Trade Desk, Inc.",US,NGM,EDT,26759038976,1.626
TTWO,"Take-Two Interactive Software, ",US,NMS,EDT,36105789440,0.82
TWLO,Twilio Inc.,US,NYQ,EDT,15106187264,1.47
TXN,Texas Instruments Incorporated,US,NMS,EDT,160527728640,0.965
TXRH,"Texas Roadhouse, Inc.",US,NMS,EDT,11462064128,1.014
U,Unity Software Inc.,US,NYQ,EDT,8508742144,2.269
UAL,"United Airlines Holdings, Inc.",US,NMS,EDT,24115136512,1.414
UBER,"Uber Technologies, Inc.",US,NYQ,EDT,149468676096,1.39
UBS,UBS Group AG Registered,US,NYQ,EDT,103912185856,0.997
UEC,Uranium Energy Corp.,US,ASE,EDT,2177958400,1.822
ULTA,"Ulta Beauty, Inc.",US,NMS,EDT,16577242112,1.34
UNH,UnitedHealth Group Incorporated,US,NYQ,EDT,446974001152,0.634
UNP,Union Pacific Corporation,US,NYQ,EDT,143536062464,1.052
UPS,"United Parcel Service, Inc.",US,NYQ,EDT,99733127168,0.929
UPST,"Upstart Holdings, Inc.",US,NMS,EDT,4548731904,2.252
URBN,"Urban Outfitters, Inc.",US,NMS,EDT,4504274944,1.563
URI,"United Rentals, Inc.",US,NYQ,EDT,40681099264,1.767
USB,U.S. Bancorp,US,NYQ,EDT,65467580416,1.041
UWMC,UWM Holdings Corporation,US,NYQ,EDT,9868609536,1.687
V,Visa Inc.,US,NYQ,EDT,640045481984,0.949
VALE,VALE S.A.,US,NYQ,EDT,41876733952,0.896
VERU,Veru Inc.,US,NCM,EDT,70908408,-0.451
VFC,V.F. Corporation,US,NYQ,EDT,6474703360,1.493
VKTX,"Viking Therapeutics, Inc.",US,NCM,EDT,3467340544,0.897
VLO,Valero Energy Corporation,US,NYQ,EDT,40676257792,1.34
VOD,Vodafone Group Plc,US,NMS,EDT,23884933120,0.538
VRT,"Vertiv Holdings, LLC",US,NYQ,EDT,33298860032,1.709
VRTX,Vertex Pharmaceuticals Incorpor,US,NMS,EDT,129619886080,0.415
VST,Vistra Corp.,US,NYQ,EDT,42187460608,1.232
VZ,Verizon Communications Inc.,US,NYQ,EDT,183416635392,0.396
W,Wayfair Inc.,US,NYQ,EDT,4047000320,3.449
WB,Weibo Corporation,US,NMS,EDT,2615623936,0.281
WBA,"Walgreens Boots Alliance, Inc.",US,NMS,EDT,9710972928,0.598
WBD,"Warner Bros. Discovery, Inc. - ",US,NMS,EDT,25014003712,1.49
WDAY,"Workday, Inc.",US,NMS,EDT,64949219328,1.377
WDC,Western Digital Corporation,US,NMS,EDT,15488602112,1.457
WFC,Wells Fargo & Company,US,NYQ,EDT,232968257536,1.156
WGS,GeneDx Holdings Corp.,US,NMS,EDT,2763885568,1.981
WKHS,"Workhorse Group, Inc.",US,NCM,EDT,8532348,2.787
WMB,"Williams Companies, Inc. (The)",US,NYQ,EDT,69833318400,1.071
WMT,Walmart Inc.,US,NYQ,EDT,685649821696,0.537
WOLF,"Wolfspeed, Inc.",US,NYQ,EDT,910090368,1.499
WPM,Wheaton Precious Metals Corp,US,NYQ,EDT,33490511872,0.705
WULF,TeraWulf Inc.,US,NCM,EDT,1249029888,4.078
WYNN,"Wynn Resorts, Limited",US,NMS,EDT,9169638400,1.765
X,United States Steel Corporation,US,NYQ,EDT,8783462400,1.864
XOM,Exxon Mobil Corporation,US,NYQ,EDT,485549768704,0.802
XP,XP Inc.,US,NMS,EDT,7883995136,1.606
XPEV,XPeng Inc.,US,NYQ,EDT,22471122944,2.67
XYZ,"Block, Inc.",US,NYQ,EDT,35446644736,2.78
Z,"Zillow Group, Inc.",US,NMS,EDT,16989594624,2.337
ZI,ZoomInfo Technologies Inc.,US,NMS,EDT,3817175808,0.976
ZIM,ZIM Integrated Shipping Service,US,NYQ,EDT,2197153792,1.624
ZM,"Zoom Communications, Inc.",US,NMS,EDT,22648360960,0.253
ZS,"Zscaler, Inc.",US,NMS,EDT,30606149632,0.878
